Montana,"('Billings Central Catholic High School', -4.272001872658765)","('CM Russell High School', -15.511742863607127)","('Helena High School', 2.604859711701776)","('Park High School - MT', -8.506090255139044)","('Hellgate High School', -8.017784286501156)","('Sentinel High School', -7.8339006886735545)"
California,"('Beverly Hills High School', -10.116229935509974)","('Encinal Junior Senior High School', -7.721722605740251)","('Mark Keppel High School', -12.028290295875822)","('Esperanza High School', -6.157293079309781)","('Canyon High School', -9.772410142846033)","('Anaheim High School', -16.984257416796297)","('Gilbert High School', -10.311624508291601)","('Loara High School', -13.686976778431873)","('Arcadia High School - CA', -8.559375165618484)","('Arcata High School', -6.536920783773759)","('Arroyo Grande High School', -5.989782967687561)","('Menlo School', -6.912134257955354)","('Placer High School', -9.787223487268673)","('Ridgeview High School', -9.948324817106982)","('Bakersfield High School', -11.93408030504541)","('Notre Dame High School', -7.7963666751464)","('Carlmont High School', -11.0436759178173)","('Bishop Union High School', -12.489995996796797)","('Palo Verde High School', -2.97008898375597)","('Brea Olinda High School', -6.4597762869482835)","('Heritage High School - CA', 9.71849424729894)","('Buena Park HIgh School', 2.0182500670960812)","('Burlingame High School', -8.591463786806065)","('Viewpoint School', -15.772572150986171)","('Adolfo Camarillo High School', -7.308037178846821)","('Carlsbad High School', -14.15678086446366)","('Sage Creek High School', -12.463245965638325)","('Jesuit High School', 0.0)","('Castaic High School', -13.893476318421042)","('Cerritos High School', -3.1396087108337016)","('Pleasant Valley High School', -3.513001063277413)","('Inspire School of Arts & Sciences', -11.594314339364791)","('Don Antonio Lugo High School', -2.072252583357243)","('Ruben S. Ayala High School', -16.51224293264445)","('Bonita Vista High School', -11.786944102779621)","('The Webb Schools', -13.218074746346383)","('Colton High School', -11.316244576022022)","('Santiago High School', 4.8465545399893015)","('Culver City High School', -13.443297586529875)","('Homestead High School', -8.188776502387924)","('Cupertino High School', -9.749551271725279)","('Monta Vista High School', -6.956723366643236)","('Cypress High School', -10.168914306936516)","('Oxford Academy', -12.031152744589205)","('San Ramon Valley High School', -14.491376746189438)","('Monte Vista High School', -5.338258142877693)","('Diamond Bar High School', -9.139872686600876)","('Downey High School', -10.416595151269657)","('Eastside College Preparatory School', -14.106735979665883)","('Eleanor Roosevelt High School', -9.836927511024104)","('Arroyo High School', -9.17605579756357)","('San Dieguito Academy', -10.319883720275147)","('San Pasqual High School', -8.505165362168912)","('Classical Academy High School', 6.103054376889716)","('Armijo High School', -9.513017397229966)","('Irvington High School', -6.011811291116846)","('Bullard High School', -10.288980756129346)","('Edison High School - CA', -10.679294608415546)","('Fresno Christian High School', 8.118052585305035)","('Fullerton Union High School', -9.457135895969705)","('D. Russell Parks Junior High School', -8.19161721472583)","('Rosary High School', -5.1184958728126375)","('Sunny Hills High School', 3.0540501342024857)","('Glendale High School', -10.556514576317317)","('Hoover High School', 3.5777087639996634)","('Dos Pueblos High School', -9.8541710711759)","('Granite Bay High School', -6.70098692779292)","('Nevada Union High School', -4.47213595499958)","('Bear River High School', -8.779185093679875)","('Hawthorne Math and Science Academy', -2.8968837539450853)","('Da Vinci Communications High School', -13.615003978454553)","('Mt. Eden High School', -12.518563992904477)","('Sultana High', -9.873539091609876)","('Hughson High School', -5.652559470844033)","('Shadow Hills High School', -1.0)","('Woodbridge High School', -10.855659046475866)","('Portola High School', -3.6055512754639887)","('Northwood High School', -7.866066361276137)","('University High School', -8.27236718379506)","('Flintridge Preparatory School', -7.005740503330109)","('La Mirada High School', -2.406588179698942)","('Bishop Amat High School', -16.053452380510972)","('Laguna Beach High School', -12.494498789467308)","('Aliso Niguel High School', -7.902063571982459)","('Quartz Hill High School', -4.57582580723762)","('Redwood High School', -12.480122971659979)","('Tamalpais High School', -13.109443161324588)","('Granada High School', -9.516854854193662)","('Lompoc High School', -5.367960506561128)","('Rancho Dominguez Preparatory School', -10.714330357049853)","('Woodrow Wilson High School', -9.142961773954871)","('Millikan High', -6.9125708939320365)","('Los Alamitos High School', -7.589384032976589)","('Pinewood School', -8.57354215012675)","('Marymount High School', -13.356056394918465)","('Venice High School', -8.147801339420756)","('Manual Arts High School', -11.347110781028054)","('Shalhevet High School', 4.139519899698515)","('The Archer School for Girls', -8.030269439609562)","('Milken Community School', 3.1422000338348255)","('Harvard-Westlake School', -11.178849076119898)","('Girls Academic Leadership Academy', -2.23606797749979)","('Augustus Hawkins High School', -21.783020910791965)","('Oscar De La Hoya Animo Charter High School', -1.1547005383792515)","('Alexander Hamilton Senior High', -10.123388760686808)","('Animo Pat Brown Charter High School', -8.169960885436675)","('Marlborough School', -11.603894050828675)","('East Los Angeles Renaissance Academy', 10.274982392096579)","('LACES Magnet', -5.97676054955079)","('Los Banos High School', 3.25832267687942)","('Maywood C.E.S. Magnet', -10.40984335663498)","('Santa Rosa Academy', -10.260218955911993)","('James C. Enochs High School', -11.166779147173061)","('Montclair High School', -8.39866060750165)","('Campolindo High School', -10.397733269461048)","('Mountain View High School', -10.924453497110338)","('Corona del Mar High School', -10.27131929208707)","(""Bishop O''Dowd High School"", -13.876515211630212)","('Mother of Divine Grace School', 19.747548371042587)","('Channel Islands High School', -15.909759726201226)","('Hueneme High School', -9.379143528773474)","('Rio Mesa High School', -1.1547005383792515)","('Palo Alto High School', -7.701947805587883)","('Palo Alto Senior High School - C Magazine', -2.1213203435596424)","('Henry M. Gunn High School', -6.106758550982674)","('Palo Alto High School - Verde', -5.905410313241742)","('Castilleja School', -12.21586703461557)","('Palos Verdes High School', -7.622317378738715)","('St. Philip the Apostle School', -3.251263490662405)","('Westridge School', -6.422137195190255)","('Mayfield Senior School', -8.747418666860145)","('Polytechnic School', -8.472637619731774)","('EF Academy', -7.443837336059561)","('Casa Grande High School', -10.01807741036173)","('El Rancho High School', 12.811567039203284)","('Piedmont High School', -9.846581198076954)","('Pinole Valley High School', -15.59695916309122)","('Amador Valley High School', -8.026943265142602)","('Porterville High School', -10.424330514074594)","('Poway High School', -5.4028482516881065)","('Rancho Cucamonga High School', -10.819190267703979)","('Los Osos High School', -11.4064722283295)","('Santa Margarita Catholic H.S.', -6.3175645324461565)","('Redondo Union High School', -8.756069323617762)","('Sequoia High School', -7.308556629047899)","('North Star Academy', 2.4269322199023193)","('Burroughs High School', -4.577663159298639)","('Ripon High School', -2.5619003363388924)","('J.W. North High School', -11.783180102728352)","('La Sierra High School', -8.366600265340756)","('Rocklin High School', 3.7361171593743454)","('Whitney High School', -10.267424214475605)","('Oakmont High School', -11.907044483553982)","('Roseville High School - CA', -7.400158980804161)","('Branson School', -8.5091127622097)","('Rio Americano High School', -10.282255715974761)","('Journalism Education Association of Northern California', -10.923979738782625)","('Alisal High School', -9.931832879575959)","('Archie Williams High School', -16.12359761343603)","('San Domenico', -11.892784927565677)","('Cathedral Catholic High School', -9.806726008204777)","('La Jolla High School', -13.749909090608563)","('University City High School - CA', -6.415239209698035)","('Canyon Hills High School', -11.450726739257332)","('San Dimas High School', 3.2015621187164243)","('Urban School of San Francisco', -12.22971790353318)","('Sacred Heart Cathedral Preparatory', -8.718032513651858)","('Stuart Hall High School', -0.5120763831912405)","('Archbishop Riordan High School', -2.385852398340404)","('Lowell High School', -9.25147250926811)","('Mission High School', -13.757220326472607)","('Gabrielino High School', -11.494926417047363)","('The Harker Upper School', -8.07476428026343)","('Abraham Lincoln High School', -15.592335857721896)","('Lynbrook High School', -11.330954970369467)","('University Preparatory Academy', -10.899457868086)","('Archbishop Mitty High School', -9.141179018384546)","('Willow Glen High School', -3.3726843908080104)","('BASIS Independent Silicon Valley', -9.112379192365434)","('San Juan Hills High School', -15.631332050297782)","('San Leandro High School', -15.217581936694147)","('San Luis Obispo High School', -7.161991178929141)","('Mission Hills High School', -5.990020436324588)","('San Marcos High School', -9.151502608861563)","('San Marino High School', -6.238806643368052)","('Terra Linda High School', -12.23692159000784)","('San Rafael High School', -12.42105738923489)","('Marin Academy', -21.23311093551767)","('Dougherty Valley High School', 4.793342156810638)","('California High School', -9.318222378366109)","('Sanger High School', -9.414616295951737)","('Middle College High School', -8.522448454497948)","('Mater Dei High School', 2.016597794967223)","('Segerstrom High School', -15.397580978842099)","('Laguna Blanca School', -15.116165004538832)","('Santa Clara High School', -12.84981116821658)","('Hart High School', -8.003778177603316)","('Golden Valley High School', -11.435134791173548)","('Pacific Collegiate School', -10.365726017123402)","('Pioneer Valley High School', -2.3773234249185924)","('Ernest Righetti High School', 17.84656829757475)","('Santa Maria High School', -9.434574712195564)","('Selma High School', -13.343831012380084)","('Royal High School', 1.1086027241532468)","('Sonoma Valley High School', -10.06919394324425)","('South El Monte High School', -5.091470997960896)","('Stanford Online High School', -13.200308638367064)","('West Ranch High School', -11.03333585095641)","('Cesar Chavez High School', -13.435028842544405)","('A.A. Stagg High', -9.466753856070653)","('Weston Ranch High School', 3.8553976330711865)","('Lincoln High School', 8.346526223525569)","('Franklin High School', -5.10881590977792)","('Taft Union High School', -4.001644398836164)","('Westlake High School', -9.987241861495095)","('Thousand Oaks High School', -8.66433576713843)","('West High School', -13.463035814159202)","('Torrance High School', -0.9909591313469996)","('Merrill F. West High School', -6.311704103936763)","('Tracy High School', -10.082988974836116)","('Truckee High School', -15.689543164346192)","('John H. Pitman High School', 3.7669616403674717)","('Turlock High School', -1.1547005383792515)","('Mare Island Technology Academy', 8.0)","('Walnut High School', -10.976554559605669)","('West Covina High School', -7.408432478930465)","('Mt. SAC Early College Academy', -20.488502873563014)","('South Hills High', -13.195116941926324)","('Elsinore High School', -3.2007811546558447)","('Lagunitas Community School', -8.294074189845825)","('Woodside High School', -13.650959513974609)","('Yorba Linda High School', -8.186903237206645)"
North Dakota,"('Bismarck High School', -0.909822937597079)","('Fargo North High School', -14.949877040611797)","('Fargo South High School', -12.858562578256846)","('Davies High School', -17.925772879665004)","('Horace High School', 2.382435728409058)","('West Fargo High School', -5.809618461367895)","('Williston High School', 4.041451884327381)"
South Dakota,"('Stevens High School', 0.0)","('Lincoln High School - SD', -8.060625547097837)"
Nebraska,"('Alliance High School', -5.794234884325699)","('Bellevue West Senior High School', -15.849340680293297)","('Bellevue East High School', -3.9597979746446663)","('Omaha Westview High School', -1.121605991424796)","('Columbus High School', -15.0)","('Gretna High School', 6.117344584205206)","('Lincoln East High School', -8.848587457894057)","('Lincoln Southeast High School', -16.172636354863936)","('Lincoln North Star High School', -4.257346591481601)","('Lincoln Northeast High School', -12.172850352907725)","('Lincoln Southwest High School', -9.1074356772576)","('Conestoga Jr./Sr. High School', -11.374313166077325)","('North Platte High School', -8.764987164850842)","('Millard North High School', -8.315218406202998)","('Omaha Central High School', -9.399946808360141)","('Omaha North High Magnet School', -11.363425621724511)","('Creighton Preparatory School', -2.7638288659032417)","('Millard West High School', -5.941201796596274)","('Elkhorn High School', -6.905268081162909)","('Burke High School', -9.20781888241882)","('Elkhorn South High School', -4.606758320361751)","('Omaha Bryan High School', -9.854413918859432)","('Millard South High School', -18.533719270561967)","('Elkhorn North High School', -7.201587126658759)","('Brownell Talbot College Preparatory School', -5.196152422706632)","('Omaha Northwest High School', -33.0)","('Gretna East High School', -7.218973017581617)","('Omaha South High School', -12.96919426949878)","('Benson High School - NE', -9.954898291795853)","('Buena Vista High School', -6.123724356957945)","('Papillion-La Vista High School', -12.706252246584992)","('Papillion-La Vista South High School', -9.834011276065214)","('Schuyler High School', -7.848566748139434)","('Platteview High School', -4.0)","('Yutan High School', -0.9225568335398698)"
Kansas,"('Renwick School District', 0.25)","('Augusta High School', -5.566582623590811)","('Baldwin High School', 9.78543727222732)","('Beloit High School', 0.0)","('Bonner Springs High School', -10.042552322136894)","('Chanute High School', -2.3660092983756424)","('Conway Springs High School', 6.5837679181453534)","('Derby High School', -6.658328118479393)","('Emporia High School', 0.0)","('Gardner Edgerton High School', -8.394641147779934)","('Southeast of Saline High School', -7.223758876630111)","('Hays High School', -10.202940752547768)","('Junction City High School', -8.86763779143014)","('Piper High School', -17.18284027743958)","('Turner High School', -5.291502622129181)","('Larned High School', -5.713344702738292)","('Lawrence Free State High School', -9.899494936611665)","('Lawrence High School', -12.36216867243423)","('Bishop Seabury Academy', 11.61895003862225)","('Maize High School', -8.119255365629764)","('Manhattan High School', -5.851955623155785)","('McPherson High School', -3.540443029072105)","('Newton High School', -3.0771334062727926)","('Olathe South High School', -7.506925374041531)","('Olathe East High School', -8.137532093419269)","('Olathe West High School', -9.043753296293001)","('Olathe North High School', -9.112887699419005)","('Blue Valley West High School', -16.914186263893896)","('Blue Valley Southwest High School', 5.41548705104167)","('Blue Valley North High School', -4.469451867958754)","('Shawnee Mission North High School', -7.276920463257203)","('Shawnee Mission West', -9.6850400102426)","('Blue Valley Northwest High School', -11.751269736736193)","('St. Thomas Aquinas High School', -13.408952233489385)","('Hyman Brand Hebrew Academy', -12.527370035246822)","('Paola High School', -7.604786504417976)","('Pittsburg High School', -10.466418159566771)","('Bishop Miege High School', -4.322303516911751)","('Rose Hill High School', 6.368324391514267)","('Salina Central High School', -9.924716620639604)","('Salina High School South', -11.020974321719473)","('Mill Valley High School', -11.387104717449201)","('Shawnee Mission Northwest', -3.8478078174461885)","('Spring Hill High School', -10.273487502038703)","('Rock Creek High School', 8.640987597877148)","('Topeka High School', -7.61328240416164)","('Washburn Rural High School', 0.0)","('Bishop Carroll Catholic High School', 0.28867513459481287)","('Wichita North High School', -8.47159118128685)","('Wichita Northwest High School', -5.960480964933395)","('Wichita High School Southeast', -21.18099580598923)"
Oklahoma,"('Ada High School', -6.904320593450369)","('Canton Public Schools', 0.0)","('Edmond Public Schools', -9.854538197040137)","('Santa Fe High School', -9.727641029561072)","('Edmond North High School', -6.6332495807108)","('Southmoore High School', -2.2356207191739834)","('Norman North High School', -5.596799680769955)","('Harding Charter Preparatory High School', -13.431306712304652)","('Bishop McGuinness Catholic High School', -9.299495954082673)","('Putnam City North High School', -16.19147924063765)","('Yukon High School', -8.71929988452)"
Texas,"('Wylie High School', 7.745966692414834)","('Greenhill School', -10.031724677242693)","('Aledo High School', -7.615034471359929)","('Randall High School', -8.685082997108701)","('Amarillo High School', 5.707694611467732)","('West Plains High School', 0.21213203435596426)","('Archer City High School', -2.8545869520241745)","('Argyle High School', -11.60172400981854)","('Timberview High School', -2.7440845468024486)","('Mansfield Summit High School', -9.448166866797873)","('Bowie High School', -7.9259910000790015)","('Martin High School', -10.296803711184683)","('Braswell High School', -17.70782312990504)","('McNeil High School', -10.960671320200861)","('Akins High School', -7.381021181666568)","('Liberal Arts and Science Academy', -15.40126913306468)","('McCallum High School', -8.259909052827132)","('James Bowie High School', -14.560248395317073)","('Vandegrift High School', -12.555583087482104)","(""St. Stephen''s Episcopal School"", -11.711817393840576)","('Austin High School', -8.44133602258279)","('Lake Travis High School', 1.2328828005937953)","('Crockett High School', -14.256577429383253)","('Azle High School', -10.790373587701314)","('Bellaire High School', -9.761821443497972)","('Champion High School', -7.265087748953898)","('Bryan High School', 4.268547762412879)","('Johnson High School', -7.096742210338488)","('Buffalo High School', 8.637129152675673)","('Canadian High School', 6.3377177806105145)","('Hebron High School', -8.721123780797976)","('Vista Ridge High School', -7.7460957907838965)","('Cedar Park High School', -1.3601470508735443)","('Byron P Steele High School', -24.289915602982237)","('Caney Creek High School', -12.680328889297027)","('Judson High School', -10.103629710818451)","('Coppell High School', -8.279559838005346)","('New Tech High @ Coppell', -5.0)","('Corsicana High School', 0.0)","('Highland Park High School', -15.317466881526679)","('The Hockaday School', -11.029233880918476)","('Lake Highlands High School', -10.604917996584684)","('Billy Ryan High School', -4.686988067283417)","('Devine High School', -10.307521525565688)","('Dripping Springs High School', -7.642043792947887)","('Duncanville High School', -2.309401076758503)","('Springlake-Earth High School', 1.348332303254654)","('Del Valle High School', -6.5947219155061525)","('El Paso High School', -11.43361272739286)","('El Dorado', 3.9979994997498443)","('Loretto Academy', -9.98542119109837)","('Bowie High School El Paso', -3.6541383762423765)","('PEBBLE HILLS HIGH SCHOOL', -13.091638552908494)","('Fairfield High School', -0.6231639698613285)","('Marcus High School', 3.0415691439030046)","('Flower Mound High School', -6.4057129107334205)","('Chisholm Trail High School', -5.0221177471925795)","('Fort Worth Country Day', -2.4181134645158253)","('Paschal High School', -4.123105625617661)","('Boswell High School', -10.571727794993048)","(""P.L. Dunbar Young Men''s Leadership Academy"", 0.3535533905932738)","(""All Saints'' Episcopal School"", -9.591663046625438)","('Fredericksburg High School', 7.352323895658206)","('Wakeland High School', -4.137095062426721)","('Lone Star High School', -0.9746794344808963)","('Frisco High School', 3.267261850540909)","('Reedy High School', -6.303554552790037)","('Lebanon Trail High School', -4.550583753761709)","('Emerson High School', -11.172399026171595)","('Fulshear High School', 0.4)","('Jordan High School', 6.737723879539964)","('Ball High School', -16.088494114028908)","('Lakeview Centennial High School', -7.638156097608151)","('North Garland High School', -13.208146281940103)","('South Garland High School', -2.0)","('Graham High School', -10.090499582190258)","('iUniversity Prep', -1.849624586534011)","('Hooks High School', -2.6726124191242437)","('Cypress Falls High School', -14.535225412004376)","('Northland Christian School', -5.751163565135421)","('Clear Lake High School', -6.694459610281043)","('Langham Creek High School', -6.018490028422596)","('The Emery/Weiner School', -8.920482049754934)","('Saint Thomas High School', 12.838146283634563)","(""St. John's School"", -10.565703521729677)","('Carnegie Vanguard High School', -6.757012817970839)","('Alief Kerr High School', -14.397770295211831)","('Summer Creek High School', -2.5475478405713994)","('LAMAR HIGH SCHOOL - Houston, TX', -10.937397618568443)","('Alief Hastings High School', -4.790224420629999)","('Northbrook High School', -5.516339365920121)","('Atascocita High School', -2.039896191130381)","('Cistercian Preparatory School', -15.7143053915658)","('Joshua High School', -6.0058027495636805)","('Seven Lakes High School', -15.831140198987564)","('Cinco Ranch High School', -3.872983346207417)","('Tompkins High School', -8.431799220524532)","('Cypress Springs High School', -7.905694150420948)","('Kilgore High School', 0.0)","('Lampasas High School', -6.2121654839516305)","('Clear Creek High School', 4.177382711194831)","('Clear Springs High School', -6.702157780813498)","('Leander High School', -3.9313969976258027)","('Glenn High School - TX', -5.783597496368502)","('Lewisville High School', -10.37516264932748)","('Lindale High School', -5.314759323494025)","('Los Fresnos High School', 0.0)","('Rosebud-Lott High School', -1.5811388300841898)","('Lubbock High School', -23.33452377915607)","('Lovejoy High School', 11.579291860904101)","('Mansfield High School', -5.237556682270847)","('Lake Ridge High School', -5.1859628350303275)","('McAllen Memorial High School', -3.0)","('McKinney High School', -10.600707523557094)","('Midlothian Heritage High School', -12.055469021706843)","('Barbers Hill High School', 0.18257418583505536)","('Central Heights High School', -12.947696982199465)","('Nacogdoches High School', 8.426149773176359)","('Permian High School', 6.302896159703093)","('Little Cypress-Mauriceville High School', -3.3659004314277783)","('West Orange-Stark High School - TX', -1.0)","('Plano Senior High School', -9.825915281087616)","('Plano East Senior High School', -7.939073553563343)","('Prosper High School', 2.449489742783178)","('Rock Hill High School', -6.5011110161605785)","('Walnut Grove High School', -3.7178622890042607)","('Richardson High School', -10.390091433668905)","('George Ranch High School', -8.454197864875267)","('Rockport-Fulton High School', 20.199752473730957)","('Terry High School', -5.366563145999495)","('Round Rock High School', -13.330103775540033)","('Sachse High School', 2.6467410329002905)","('Rowlett High School', -9.436486248984457)","('Veterans Memorial High School', 11.339564113567782)","('Pieper High School', -8.74642784226795)","('Claudia Taylor Johnson High School', -2.168277789266996)","('Carroll Senior High School', -12.64305639471722)","('Klein Oak High School', -9.61641825213525)","('Klein Collins High School', -8.382355807819714)","('Grand Oaks High School', -21.92019616700544)","('Smithson Valley High School', -3.427827300200522)","('Hill Country College Preparatory High School', 6.462439554843047)","('Stephenville High School', -8.408414153181834)","('Texas High School', -1.0311805532172014)","('Pleasant Grove High School - Texarkana', -3.1304951684997055)","('The John Cooper School', -9.139543205215455)","('The Woodlands College Park High School', -11.116222379927455)","('The Woodlands High School', -10.358114032766268)","('Tomball Memorial High School', -1.5)","('Tomball High School', 6.280961406542488)","('Utopia School', 1.7320508075688774)","('Waxahachie High School', 0.9573027584983616)","('Weatherford High School', -10.181739835949285)","('Whitehouse High School', -8.366600265340756)","('Rider High School', -5.362275636332023)","('Wylie East High School', -10.776826991280876)"
Nevada,"('Faith Lutheran High School', 3.650317084146912)","('Desert Oasis High School', 5.072803301265814)","('Southwest Career and Technical Academy', -8.449605513474184)","('Silverado High School', -7.4681374467183534)","('Shadow Ridge High School', 1.1563231958813822)","('Spring Valley High School', -10.75689869642814)","('Las Vegas Academy of the Arts', -6.843265719982362)","('Sierra Vista High School', -11.703407623423189)","('Bishop Gorman High School', -4.663689526544408)","('Chaparral High School', -3.941537046091827)","('Pahrump Valley High School', -6.708203932499369)","('Reno High School', -9.723572241869608)","('Bishop Manogue Catholic High School', -1.224744871391589)"
Idaho,"('Blackfoot High School', -5.22383590271187)","('Boise High School', -10.137455301997635)","('Timberline High School', -8.967202143685302)","('Vallivue High School', -1.1532562594670797)","('Eagle High School', -7.239286755425062)","('Skyline High School', -8.18739569557146)","('Thunder Ridge High School', -5.115499323950042)","('Hillcrest High School', -8.740073734751263)","('Lewiston High School', -10.380962142306464)","('Lakeland High School', -4.107919181288746)","('Canyon Ridge High School', -5.7312682625607305)"
Utah,"('Juan Diego Catholic High School', 9.314571917162914)","('Grantsville High School', -4.497499305169485)","('Herriman High School', -4.85238085891864)","('Mountain Crest High School', 0.0)","('Davis High School', -1.6421530582338137)","('Ridgeline High School', 2.378884383296277)","('Park City High School', -6.680194607943694)","('Weber High School', -11.376385315957915)","('Timpview High School', -3.09253132562954)","('Utah Military Academy', 10.215852209367377)","('Highland High School', -7.899831221825776)","('East High School', -15.0969930780934)","('Judge Memorial Catholic High School', -8.64884920625817)","('Alta High School', -9.285405214636569)","('Bingham High School', -8.78372073781948)","('Taylorsville High School', -8.293267913369665)","('Granger High School', -6.694946429382963)","('Hunter High School', -9.29642287446465)"
Arizona,"('La Joya Community High School', -12.957462457338371)","('Agua Fria High School', -6.328269905748332)","('Verrado High School', -0.6689544080129828)","('Chandler High School', -15.061072253856874)","('Perry High School', -9.729255935200367)","('Deer Valley High School', -4.2)","('Mountain Ridge High School', -14.329137920628272)","('Independence High School', -10.868256529913157)","('Greenway High School', -10.73390267641116)","(""Sandra Day O'Connor High School"", -10.569839166231432)","('Horizon Honors', -7.826186810957172)","('Pinnacle High School', 0.0)","('Desert Mountain High School', -9.907440053871264)","('Desert Vista High School', 8.159861109929098)","('Thunderbird High School', -7.1393276994406145)","('Sunnyslope High School', -12.498651779143872)","('Sierra Linda High School', -8.558329276208061)","('North Canyon High School', -13.96424004376894)","('Paradise Valley High School', -6.34428877022476)","('Brophy College Preparatory', -7.685143367005496)","('Sahuaro High School', 2.308814630930772)","('Combs High School', -10.327955589886445)","('Imagine Prep Surprise', -11.572660480124496)","('McClintock High School', -8.292767933567175)"
Arkansas,"('Bryant High School', -11.227377253838048)","('Bryant Junior High', -12.196310917650468)","('Clinton High School', 2.8770644761631603)","('Conway High School', -9.974940824107401)","('El Dorado High School', -6.6385239323211005)","('Southside High School', 4.441203183179724)","('Little Rock Central High School', -9.854908968084423)","('Little Rock Christian Academy', 2.971531591620725)","('Buffalo Island Central High School', -9.313952216022635)","('Rogers Heritage High School', -12.061019103632239)","('Rogers High School', -12.157291509300304)","('Sylvan Hills High School', -10.609699066689604)","('Har-Ber High School', -10.159921259537398)"
Wyoming,"('Star Valley High School', -1.5491933384829668)","('Natrona County High School', -2.3071851785836053)","('Cheyenne East High School', -8.0)","('Cheyenne Central High School', 19.784779503446583)","('Triumph High School', -3.5355339059327378)","('Powell High School', 1.355939315961975)","('Sheridan High School', 10.42607804729448)"
Colorado,"('Doherty High School', -9.40423018936401)","('Coronado High School', -11.077529808881883)","('Cheyenne Mountain High School', -8.382272961434744)","('Early College High School and Career Pathways', -7.76739982233437)","('Palmer High School', -3.010398644698074)","('Pine Creek High School', -1.6272676485446393)","('Harrison High School', -4.847679857416329)","('Ralston Valley High School', -7.14124417878654)","('Arvada West High School', -12.354936035627398)","('Arvada High School', -9.273618495495704)","('Aspen High School', -8.631338250816034)","('Smoky Hill High School', -5.69184880835242)","('Regis Jesuit High School', -10.232770071360607)","('Cherokee Trail High School', -4.003357965508456)","('Rangeview High School', -12.509127102622518)","('Grandview High School', -6.688739101596858)","('Overland High School', -7.894776754285076)","('Fairview High School', -12.213858249272969)","('Boulder High School', -8.253920280690867)","('Broomfield High School', -13.119285505465344)","('Holy Family', 8.621678104251709)","('Legacy High School - CO', -14.138347044221865)","('Castle View High School', -14.089002803605373)","('Arapahoe High School', -12.813388180597148)","('Eaglecrest High School', -12.749335494666205)","('Delta High School', -6.926802165162083)","('Montview High School', -10.478549517943788)","('McAuliffe International School', -2.8769558564566124)","('George Washington High School', -7.023769168568492)","('Durango High School - CO', -11.329607230614839)","('Eaton High School', 8.60585072300622)","('Englewood High School', -4.334935601213318)","('Erie High School', -3.466602563509889)","('Rocky Mountain High School', -9.346122190513025)","('Fort Collins High School', -14.830711378757258)","('Frederick High School', -3.9890639978505447)","('Fruita Monument High School', -9.793594845612105)","('Grand Junction High School', -7.696152885095854)","('Greeley West High School', -5.115243326149234)","('Cherry Creek High School', -11.565770999960591)","('Gunnison High School', -2.264950330581225)","('Eagle Valley High School', -7.064312856112211)","('Rock Canyon High School', -5.5113519212621505)","('Mountain Vista High School', -9.743256777463014)","('Highlands Ranch High School', -7.025773978715797)","('Valor Christian High School', -4.090767042988393)","('Centaurus High School', -12.268593525615485)","('Dakota Ridge High School', -9.064484433699498)","('Chatfield Senior High School', -6.27162924074226)","('Mead High School', -5.789617143358157)","('Silver Creek High School', -6.74205705503397)","('Monarch High School', -9.453835200594519)","('Manitou Springs High School', -10.882401695704246)","('Palisade High School', -10.554728121286958)","('Lutheran High School', -2.1213203435596424)","('Salida High School', -11.89815758200209)","('Horizon High School', -11.256744010338235)","('Wheat Ridge High School', -14.48307789989909)","('Windsor High School', 10.827049459571153)"
New Mexico,"('Albuquerque Academy', -17.298285975044422)","('Crownpoint High School', -1.927248223318863)","('Santa Fe High School - NM', -8.076571054599842)"
Alabama,"('Brookwood High School', -4.527692569068709)","('Daphne High School', 1.5867757065373616)","('Fairhope High School', -3.9347306468369463)","('Sparkman High School', -14.337662690570294)","('Homewood High School', -17.69180601295413)","('Bob Jones High School', -6.625740319587593)","('Montevallo High School', -3.9995394471705965)","('Springville High School', -4.444097208657794)"
Alaska,"('West Anchorage High School', -8.184261900571295)","('Igaramkin', -4.9216076867444665)","('Galena City Schools', -0.7791937224739796)","('Seward High School', -6.3)"
Connecticut,"('Danbury High School', -13.30308714771028)","('ACE - Alternative Center for Excellence', -11.485329773236813)","('University High School - CT', -20.784609690826528)","('Greater Hartford Academy of the Arts Full Day', 5.150889890753507)","('The Hotchkiss School', -8.514693182963201)","('Xavier High School', 6.322537683448055)","('Naugatuck High School', -10.937349998971415)","('Mauro Sheridan Interdistrict Magnet School', -2.0)","('Norwalk High School', -15.369714538663365)","('Brien McMahon High School', -0.5)","('The Norwich Free Academy', -13.251310207757657)","('Stamford High School', -2.796151200929867)","('Edwin O. Smith High School', -11.296997072547326)","('West Haven High School', -15.521189816935209)"
Delaware,"('Archmere Academy', -6.833159515591396)","('Wilmington Friends School', -13.112279550101118)","('Salesianum School', -7.931282247861193)","('Padua Academy', 3.8753064394961076)","('Odyssey Charter School', -8.48528137423857)","('Ursuline Academy - DE', -6.229767250869008)"
District of Columbia,"('Woodrow Wilson Senior High School', -12.19379965392248)","('Benjamin Banneker Academic High School', -6.771447408050957)","('Sidwell Friends School', -12.195379154715638)","('Washington International School', -14.087502059829992)","('Gonzaga College High School', -6.103277807866851)"
Florida,"('Lake Brantley High School', -8.509648503143877)","('Apopka High School', -11.619754543542387)","('Olympic Heights High School', -12.696267496131819)","('West Boca Raton High School', -4.352922125938249)","(""Saint Stephen's Episcopal School"", -1.303109833473464)","('Cape Coral High School', -5.900211860602973)","('Coral Gables Senior High School', -9.283615526365756)","('Coral Glades High School', 6.908313831898489)","('Coral Springs Charter School', 2.9981075111891244)","('Coral Springs High School', -9.503874807868439)","('Four Corners Upper School', -7.34831370354548)","('Western High School', -12.738551631736577)","('Downtown Doral Charter Upper School', -10.915428137666952)","('Fleming Island High School', -3.3541019662496847)","('Pine Crest School', -12.22022913042141)","('Gulf Breeze High School', -7.250950676586189)","('South Broward High School', -13.107755337966909)","('SOUTH DADE SENIOR HIGH SCHOOL', 2.7247542484205276)","('The Bolles School', -5.137217145498134)","('Westside High School', -2.1213203435596424)","('Bishop Kenny High School', 7.101358019019018)","('Darnell-Cookman Middle-High School', -5.365817738238972)","('Jupiter Community High School', -10.24853160213696)","('Jupiter Christian School', 13.253930234714026)","('Osceola County for the Arts', 7.331439149307591)","('Lake Mary High School', -3.218091221688893)","('Wiregrass Ranch High School', -6.969391956435242)","('Sunlake High School', -15.0)","('Santaluces High School', -4.728636167014756)","('One School of the Arts', -9.75778077814242)","('Lyman High School - FL', -5.757429982205602)","('Steinbrenner High School', -10.515739119565929)","('Marco Island Academy High School', -13.737090196210534)","('West Shore Junior/Senior High School', 6.412849823373602)","('Holy Trinity Episcopal Academy', -1.61245154965971)","('Miami Country Day School', -10.9454328374898)","('Dr. Michael M. Krop', -10.347463457292323)","('Gulliver Prepatory', -10.5101991281938)","('Immaculata-La Salle High School', -5.125380357546531)","('Ransom Everglades School', -10.592001699395635)","('Our Lady of Lourdes Academy', -8.444288010246927)","('Riviera Preparatory School', -7.782706875874838)","('Scheck Hillel Community School', 15.16941367064367)","('Carrollton School of the Sacred Heart', -8.974466704577992)","('MAST Academy', -10.056974061452443)","('Jewish Leadership Academy', -5.671566509057851)","('Palmer Trinity School', -3.512833614050059)","('Somerset Academy of Central Miramar', -30.0)","('St. John Neumann Catholic High School', -10.890821823902915)","('The Benjamin Middle School', -3.8609660479638266)","('Lake Highland Preparatory School', -7.224495368766827)","('Oak Ridge High School', -2.23606797749979)","('Olympia High School', -8.602325267042627)","('Hagerty High School', -12.723099965310057)","('Oviedo High School', -13.43758056454254)","('The Benjamin School', 3.449637662132068)","('Marjory Stoneman Douglas High School', -11.91556405155319)","('Pembroke Pines Charter High School', -4.137766439893763)","('Pompano Beach High', -17.37054640340773)","('Inlet Grove Community High School', -10.979526401443735)","('Suncoast Community High School', -9.279547402756236)","('Seminole High School', 0.2041241452319315)","('Osceola High School', -3.2998316455372216)","('Lakewood High School', -8.51055072743301)","('Freedom High School', 3.060087895965487)","('Berkeley Preparatory School', -9.65174854624798)","('Academy of the Holy Names', -3.536451785062278)","('Robinson High School', 4.724345927686122)","('Tampa Preparatory School', -12.480200986629448)","('HB Plant Senior High School', -9.449417971494329)","('Howard W. Blake High School', -11.881796300784378)","('Tarpon Springs High School', -3.9135803442769785)","('Astronaut High School', -1.3856406460551018)","('J.W. Mitchell High School', -3.894576648716427)","('Wesley Chapel High School', -3.542950747611375)","('Palm Beach Lakes Community High School', 0.0)","('Cardinal Newman High School', 10.328082383205789)","(""The King''s Academy"", 2.23606797749979)","('Dreyfoos School of the Arts', -10.333095235352141)","('West Orange High School', -20.149441679609886)","('Trinity Preparatory School', -13.826633952325956)","('Winter Park High School', -9.122910719720982)","('Zephyrhills High School', 0.0)"
Georgia,"('Athens Academy', -7.878675612802237)","('The Westminster Schools', -8.80821113128729)","('North Atlanta High School', 5.360792407666541)","('Henry W. Grady High School', -7.35856382308814)","('St. Pius X Catholic High School', -7.830229881682913)","('Marist School', -7.527652725488574)","('Paideia School', -9.612202892388634)","('Gordon Central High School', -3.0)","('Sequoyah High School', -8.16687790632639)","('Creekview High School', 4.16293165929973)","('Cartersville High School', -8.764587839710433)","('Chamblee High School', -9.104826035837101)","('North Forsyth High School', -3.67719174512763)","('South Forsyth High School', -10.357895539152729)","('Denmark High School', -5.75178901934667)","('Decatur High School', -10.996135684866752)","(""Starr's Mill High School"", -8.10067898388771)","('Mill Creek High School', -4.241697773297857)","('Mount Pisgah Christian School', -10.002089067504134)","('North Cobb High School', -9.692502256899402)","('Kennesaw Mountain High School', -10.063435162643383)","('Stratford Academy', -7.2420991432042685)","('Wheeler High School', -9.41708174390711)","('Marietta High School', -13.798550648528272)","('Cambridge High School', -4.0787340472959785)","('McIntosh High School', 2.9151901024347167)","('Heritage High School', 0.0)","('Darlington School', -11.387127235025815)","('ARMUCHEE HIGH SCHOOL', -0.7905694150420949)","('Roswell High School', -8.263517065131184)","('Savannah Country Day School', -2.3717082451262845)","('Lambert High School', -2.7054471801246547)","('Cass High School', -1.6489390528457988)","('Etowah High School', -7.987783641286236)"
Hawaii,"('James Campbell High School', -4.46916787986998)","('Kamehameha Schools Kapalama', -10.869719407602021)","('Sacred Hearts Academy', -9.147551164529899)","('Radford High School', 3.619768952948139)","('McKinley High School', -8.386298349093002)","('Saint Louis School', -7.0570886348408575)","('Mid-Pacific Institute', -11.62386939115549)","('Moanalua High School', -1.5)","('Iolani School', -12.00520720354297)","('Punahou School', -13.152550449754349)","('Henry J. Kaiser High School', -8.454904888091093)","('Seabury Hall', -7.459473842034704)","('Kamehameha Schools Maui', -14.975742290212434)","('Nanakuli High and Intermediate School', 9.302015910543261)","('Waipahu High School', -11.413442367080437)"
Illinois,"('Alton High School', -5.8775381364525865)","('Antioch Community High School', -7.574518686578926)","('Saint Viator High School', 1.4476582074903888)","('Marmion Academy', -8.81511486028401)","('Metea Valley High School', -9.265864773457466)","('Barrington High School', -10.706297212388604)","('Limestone High School', 8.549561392258669)","('Belleville West High School', -4.972144630058766)","('Civic Memorial High School', -1.5269795894728477)","('Bradley Bourbonnais Community High School', -11.26954341114369)","('Buffalo Grove High School', -10.899683991341726)","('Carbondale Community High School', -4.776027091904807)","('Glenbard North High School', -12.217629728817132)","('Carterville High School', -4.291367303474888)","('Cary-Grove High School', -12.302413381121609)","('Champaign Central High School', -7.253823041538076)","('Chester High School', 0.1)","('Mount Carmel High School', -6.396131643423233)","('Whitney Young Magnet High School', -9.360571725610729)","('Lane Tech College Prep', -11.674448964327595)","('Saint Patrick High School', -11.263012676253833)","('Jones College Preparatory High School', -11.167999396772718)","('Saint Ignatius College Prep', -10.419213022104884)","('Francis W. Parker School', -9.250772940679067)","('University of Chicago Laboratory High School', -9.132881462579254)","('Northside College Preparatory High School', -13.558952215609626)","('Latin School of Chicago', -8.7091311574256)","('DePaul College Prep', -12.513015446148684)","('Marist High School', -13.940519905587998)","('Christ the King Jesuit High School', 0.0)","('William Howard Taft High School', -7.736874741730719)","('Marian Catholic High School', -11.4580452084987)","('Morton East High School', -11.151980392139626)","('Prairie Ridge High School', -6.997525695105272)","('Crystal Lake South High School', -10.210089418116079)","('Hinsdale South High School', -9.943095235244549)","('Downers Grove North HS', -4.134083352000818)","('Downers Grove South High School', -9.095962756164873)","('Edwardsville High School', -4.311115202092642)","('St. Edward Catholic High School', -9.039842365882272)","('Elk Grove High School', 4.825856285561028)","('York Community High School', -11.777847524386292)","('Elmwood Park High School', -2.7733854161776117)","('Evanston Township High School', -11.862269491964849)","('Evergreen Park Community High School', -7.275835194517382)","('Flora High School', 0.1154700538379252)","('Homewood Flossmoor High School', -10.341674552901942)","('Grant Community High School', -7.7256380882725635)","('Lincoln-Way East High School', -13.106444555595116)","('Leyden High School', -7.646325672916129)","('Galena High School', -3.7984959429452374)","('Geneva High School', -10.921315028476172)","('Glenbard South High School', -5.049512427707822)","('Glenbard West High School', -7.706004152607238)","('Glenbrook South High School', -7.675979850590195)","('Grayslake North High School', -12.683960625248611)","('Grayslake Central High School', -10.275765244075565)","('Warren Township High School', -11.945919805523559)","('Harrisburg High School', -7.399558198869818)","('Herrin High School', -6.979254974565695)","('Hinsdale Central High School', -10.50888512957805)","('Hoffman Estates High School', -10.042410069301093)","('Huntley High School', -9.969270968148255)","('Joliet West High School', -6.514244746352767)","('Joliet Central High School', -6.318471090626032)","('Lake Forest Academy', -10.768472500777444)","('Lake Forest High School', -7.6120299526473225)","('Woodlands Academy of the Sacred Heart', -12.334369325857997)","('Lakes Community High School', -6.8924825563416325)","('Lake Zurich High School', -7.7511443087610035)","('Lemont Township High School', -8.680653777222082)","('Libertyville High School', -9.896322549310932)","('Adlai E. Stevenson High School', -11.03873181121817)","('Lisle High School', -13.912994953331527)","('Lockport Township High School', -9.888882646689666)","('Glenbard East High School', -10.554055866731767)","('Kaneland High School', -8.909084962654408)","('Proviso East High School', -10.248306093095472)","('McHenry High School West Campus', -9.211796106080508)","('Bremen High School', -14.478432235570258)","('Minooka Community High School', -11.416493147612083)","('Prospect High School', -3.158209257520108)","('Naperville Central High School', 2.4923693068854704)","('Naperville North High School', -6.863387425792146)","('Neuqua Valley High School', -10.332392430281253)","('Lincoln-Way West High School', -1.116915395184434)","('Lincoln-Way Central High School', -1.104536101718726)","('Providence Catholic High School', -8.276472678623424)","('Normal Community High School', 0.05773502691896258)","('Normal West High School', -9.695251143567253)","('Glenbrook North High School', -7.943047274188918)","('Oak Forest High School', -10.55536130001778)","('Oak Lawn Community High School', -11.712235934621335)","('Fenwick High School', 5.874521257089807)","('Oak Park and River Forest High School', -11.42164381200977)","('Okawville High School', 0.0)","('Rich Central High School', -6.209962670067862)","('Orion High School', -13.580316638429311)","('Carl Sandburg High School', -5.397221507405454)","('William Fremd High School', -12.399588860989248)","('Palatine High School', -8.07263082402835)","('Richwoods High School', -8.927457644816917)","('Plainfield Central High School', -6.251676698171582)","('Plainfield South High School', -12.218777292287411)","('Plainfield East High School', -3.5291642070042593)","('Palestine High School', -6.644546636152086)","('Rock Island High School', 3.7080992435478315)","('Guilford High School', -7.323114091696237)","('Jefferson High School', 0.17320508075688773)","('Rolling Meadows High School', -11.512371063338776)","('Lake Park High School', -4.031128874149275)","('Schaumburg High School', -12.934474283866354)","('Niles West High School', -9.859730509211989)","('Niles North High School', -6.74599087289205)","('St. Charles East High School', -7.455592670537032)","('St. Charles North High School', -7.319418616863561)","('Sterling High School', -2.1213203435596424)","('Argo Community High School', 2.865018906278514)","('Tinley Park High School', -7.067138349038063)","('University of Illinois Laboratory High School', -10.952081776452149)","('Vernon Hills High School', -6.096191301714274)","('Wauconda High School', -17.866169147301836)","('Wayne City High School', 11.275257361649382)","('West Chicago Community High School', -6.089686832201284)","('Wheaton Warrenville South High School', -5.647024782032472)","('Wheeling High School', -12.275900263228243)","('Regina Dominican High School', -12.69514342836136)","('Loyola Academy', -11.621217333295695)"
Indiana,"('Anderson High School', -2.474344550053802)","('Bloomington High School North', -11.316406347934796)","('Brownsburg High School', -13.934369977385654)","('Cannelton City Schools', -2.79805126991821)","('Carmel High School', -9.112482281647155)","('Carmel High School - CHTV', -10.535653752852738)","('Cascade High School', -8.0)","('Columbus East High School', -5.970163912561961)","('Columbus North High School', -9.896376148346688)","('Crown Point High School', 3.5355339059327378)","('Delphi Community High School', 5.416152313437367)","('Elkhart Central High School', -5.977436741614252)","('Hamilton Southeastern High School', -11.30284414270522)","('Fishers High School', -14.126343172547218)","('Gibson Southern High School', 2.6485216001888023)","('Carroll High School', -8.68183337603474)","('Mount Vernon High School', -6.509992319503918)","('Center Grove High School', -6.035214124106081)","('Greenwood Community High School', -6.0)","('Griffith High School', -5.6606242294173414)","('Bishop Noll Institute', 9.689491730735933)","('Ben Davis High School', -8.941133651150839)","('Lawrence North High School', -7.068541979382008)","('Southport High School', -3.576424305197974)","('Roncalli High School', -7.199537022151725)","('Cathedral High School', -3.6856704500900057)","('Perry Meridian High School', 8.0)","('Brebeuf Jesuit Preparatory School', -14.543039572248986)","('Lawrence Central High School', -3.5355339059327378)","('North Central High School', -5.528763172918715)","('East Noble School High School', -0.49749371855331)","('Kokomo High School', -9.626785548665763)","('Lebanon High School', -11.997395550701826)","('Logansport High School', -8.495862963819508)","('Madison Consolidated High School', -10.970901952673373)","('Merrillville High School', -12.494935816266986)","('Mooresville High School', -9.885722027247176)","('Munster High School', -13.225803378245118)","('New Albany High School', -10.2353431793956)","('Noblesville High School', -8.528852990486666)","('Paoli High School', -0.4171330722922842)","('Portage High School', -11.652896635600952)","('Seymour High School', 4.379293811302717)","('John Adams High School', -11.116782679483176)","('Saint Joseph High School', 7.297259759663212)","('Lake Central High School', -10.586941642104831)","('Vincennes University', -6.058288301398105)","('Lewis Cass High School', 12.17237309100681)"
Iowa,"('Adel-De Soto-Minburn High School', -4.945929864264375)","('North Polk High School', -9.119019225108968)","('Ames High School', -16.59307084297539)","('Ankeny High School', -8.694656912353093)","('Atlantic High School', -6.580104693527131)","('Bettendorf High School', -13.044321880930926)","('Kennedy High School', -7.50424571184231)","('City View Community High School', -21.212142748906814)","('Davenport West High School', -13.78042089342702)","('Des Moines East High School', -13.647687533058484)","('North High School', -3.7374372904438142)","('Roosevelt High School', -16.988231220465536)","('Drake University', -12.95352461687552)","('Wahlert Catholic High School', -9.845356907272532)","('Dubuque Senior High School', -12.31601439290795)","('Iowa City High School', -16.703852718824297)","('Johnston School District', -16.39862799139001)","('West Delaware High School', 7.652034785835488)","('Marion High School', -13.642828672733101)","('PCM High School', 2.1213203435596424)","('Muscatine High School', -10.748754080623218)","('Liberty High School', -14.079125139932607)","('Pella High School', -5.960307303981461)","('Clear Creek Amana High School', -13.061247125393052)","('Urbandale High School', -4.02336923485777)","('Waterloo West High School', -11.304370836096984)","('Dowling Catholic High School', -10.268560431400953)"
Kentucky,"('Greenwood High School', -6.916859198832269)","('Central Hardin High School', -10.754241196091137)","('South Oldham High School', 0.0)","('Boone County High School', -11.446321499157229)","('Highlands High School', -2.9435718752249596)","('Great Crossing High School', -4.186673535650666)","('Lafayette High School', -10.5885898633443)","('Paul Laurence Dunbar High School', -7.820354769315054)","('Henry Clay High School', -10.764900228198908)","('Trinity High School - KY', 2.1908902300206643)","('duPont Manual High School', -17.107858531371242)","('Saint Xavier High School', -3.300757488819801)","('Assumption High School', -6.379393910605197)","('Graves County High School', -4.659220249498121)","('McCracken County High School', -6.287411109633158)","('Bourbon County High School', -4.007129063722971)","('Woodford County High School', -9.242192651097465)","('George Rogers Clark High School', -3.524468044967921)"
Louisiana,"('Northlake Christian School', 4.102844541697057)","('St. Scholastica Academy', 8.61710185877157)","('Ascension Episcopal School', 0.0)","('Satellite Center - St. Charles Parish Public Schools', -0.9886859966642595)","('Isidore Newman School', -5.700567567201997)","('Zachary High School', -12.40151680431144)"
Maine,"('Biddeford High School', -8.642498352778425)","('Presque Isle High School', -5.378971401051816)"
Maryland,"('Beth Tfiloh Dahan Community School', -3.597748337981449)","('Friends School of Baltimore', -16.48573246780379)","('C. Milton Wright High School', -11.715324303211233)","('Bel Air High School - MD', -9.81389321319526)","('Stephen Decatur High School', -11.752068375869463)","('Walter Johnson High School', -3.3434747687715194)","('Walt Whitman High School', -6.677262413095155)","('Bethesda-Chevy Chase High School', -10.172285122595836)","('Brunswick High School', -7.54779059441522)","('Paint Branch High School', -9.378084108092736)","('Long Reach High School', -11.748361587898117)","('Wilde Lake High School', -10.442016772909067)","('Damascus High School', -9.665806355395292)","('The Homewood Center', -11.096723513148948)","('Centennial High School', -11.480382798025037)","('Kenwood High School', -6.08267366533163)","('Fallston High School', -2.2796198513494885)","('Tuscarora High School', -7.701270363867984)","('Linganore High School', -6.534645431015435)","('Frederick County Virtual School', -3.337102036198474)","('Watkins Mill High School', -11.099894894397274)","('Crofton High School', -18.44399686641058)","('Huntingtown High School', -11.590675131328632)","('DeMatha Catholic High School', -19.3183850256692)","('Academy of the Holy Cross', -12.353137253345807)","('Middletown High School', -13.395759166107894)","('Our Lady of Good Counsel High School', -7.013380069552769)","('Poolesville High School', -11.11952963906025)","('Winston Churchill High School', 1.529771224726101)","('Thomas S. Wootton High School', -7.741325790844873)","('Calvert High School', -5.484888330677299)","('North Harford High School', -10.881623142813861)","('Charles E. Smith Jewish Day School', 7.491777805960181)","('Rockville High School', -11.136084070311819)","('Richard Montgomery High School', -0.9862693712811281)","('Georgetown Preparatory School', 0.3535533905932738)","('Archbishop Spalding High School', -2.0)","('Severna Park High School', -3.954506922487303)","('Springbrook High School', -14.733131083213491)","('Dulaney High School', -5.547242987458253)","('Notre Dame Preparatory School', -9.316182157944315)","('Towson High School', -14.053485494547413)","('Carver Center', -6.346985959432301)","('Gateway School', -7.807432356415264)"
Massachusetts,"('Bishop Feehan High School', -11.224972160321824)","('Boston College High School', -10.512128637190875)","('Boston Latin School', -1.7)","('Cambridge Rindge and Latin School', -11.69033590143466)","('Rindge School of Technical Arts', -11.940327825123923)","('Buckingham Browne & Nichols School', -12.711041980706938)","('Everett High School', -14.77356361268945)","('Gloucester High School', -14.523792223126183)","('Holyoke High School', -10.131281120512702)","('Central Catholic High School', -14.20211251891774)","('Leominster High School', -5.876506898943736)","('Advanced Math and Science Academy', -14.445314503710573)","('Newton North High School', -13.767113518604628)","('Springfield Honors Academy', -11.539919843742418)","('Waltham High School', -13.045521262103712)","('Bancroft School', -14.007108584896846)","('Worcester Public Schools', -9.264282113414028)","('South High School - Worcester', -9.238596574516428)"
Michigan,"('Community High School', -5.18973345494095)","('Ann Arbor Huron High School', -10.67622568475371)","('Pioneer High School', -9.228482736453556)","('Greenhills School', -8.792837994640866)","('Berkley High School', -9.03938536654335)","('Wylie E. Groves High School', -13.150834363052576)","('Bloomfield Hills High School', -7.079731110190033)","('Concord High School', -7.028631919987465)","('Dearborn High School', -9.519952730975085)","('Edsel Ford High School', -6.422616289332565)","('University of Detroit Jesuit High School', 12.005369169204624)","('East Lansing High School', -14.578170514696126)","('Ovid-Elsie High School', -2.7773770952846437)","('Mercy High School - MI', -10.350676306406264)","('Fenton High School', 7.211102550927977)","('Kearsley High School', -10.099133626207745)","('Fraser High School', -1.3349157276772194)","('Grand Haven High School', -12.37012530251816)","('Grand Ledge High School', -10.74728419867358)","('East Grand Rapids High School', -5.567900425790241)","('Forest Hills Central High School', -15.615110203474924)","('Grosse Pointe South High School', -4.9945684784287705)","('Grosse Pointe North High School', -5.95781466273965)","('West Ottawa High School', -8.053891755778265)","('Northwest High School', -10.396153134693622)","('Jenison High School', -16.693940429354107)","('Loy Norrix High School', -10.804142130659296)","('Monroe High School', -5.644257883798678)","('Novi High School', -11.212658190799527)","('Portage Northern High School', -14.534968610217224)","('Rochester Adams High School', -6.408783035803285)","('Rochester High School', -7.339448208142081)","('Roseville High School', -2.1166010488516727)","('Royal Oak High School', -10.90535036881744)","('South Lyon East High School', -1.4966629547095764)","('Southfield High School', -5.788703733055519)","('Spring Lake High School', -11.32364782214636)","('Lake Shore High School', -5.769129669443836)","('St. Louis High School', 7.978486698616474)","('Stevenson High School', -12.503528913635447)","('Henry Ford II High School', -10.106804638460167)","('Stockbridge High School', -10.454861927879989)","('Troy High School', -12.84627643256279)","('Utica High School', -11.086443558203449)","('Woodhaven High School', 5.22791272197341)"
Minnesota,"('Albert Lea High School', -8.35463942968217)","('Blaine High School', -11.269427669584644)","('Cambridge-Isanti High School', -9.266658930916552)","('Cannon Falls High School', -10.291029788978703)","('Columbia Heights High School', -14.60978992109269)","('Anoka-Ramsey Community College', -10.246950765959598)","('Eagan High School', -16.010074952978826)","('Eden Prairie High School', -10.838117115472395)","('Edina High School', -16.056442996570805)","('Spectrum High School', -0.6324555320336759)","('Totino-Grace High School', -7.856685051597779)","('Breck School', -11.973303637676613)","('Fillmore Central Senior High School', -5.301021914058962)","('Lakeville South High School', 5.3848271686623)","('Orono High School', 2.641247901313028)","('Visitation School', -4.434949885602416)","('South High School', -13.143652690960993)","('Southwest High School', -14.637281168304447)","('Minnetonka High School', -0.5773502691896257)","('Hopkins High School', -10.251507206259966)","('New Prague High School', -10.669582934679312)","('New Ulm High School', -5.125101625008686)","('North High School - St. Paul', -5.660010095902152)","('Owatonna High School', -8.292343635122881)","('Academy of Holy Angels', -6.95221787153807)","('Mayo High School', -10.50785420530757)","('Rosemount High School', -6.885466059544759)","('Roseville Area High School', -7.84670253933082)","('Sartell High School', 4.818444500812207)","('Prior Lake High School', -8.823170254128236)","('Mounds View High School', -10.112227393464945)","('St. Francis High School', -5.643239658755761)","(""Benilde-St. Margaret's School"", -9.170264445478113)","('St. Louis Park High School', -5.178281046312048)","('St. Paul Academy and Summit School', -13.698149594948267)","('Cretin-Derham Hall', -12.066151001872967)","('Mounds Park Academy', -22.159634738973157)","('Stillwater Area High School', -7.813129974600448)","('Holy Family Catholic School', -6.542448804815852)","('Cotter High School', -11.129914644776033)"
Mississippi,"('Brandon High School', 6.068360569379509)","('West Lauderdale High School', -8.246211251235321)","('The Mississippi School for Mathematics and Science', -12.660945677734562)","('Jackson Preparatory School', 11.84867382573136)","('George County High School', -2.599737749011689)","('Center Hill High School', -5.098365751231794)","('Oxford High School', -12.757680864978227)","(""St. Andrew's Episcopal School"", -4.959334632790976)","('Tupelo High School', -5.021893245052694)"
Missouri,"('Parkway West High School', -4.935953440181174)","('Blue Springs South High School', -24.489064614931408)","('Blue Springs High School', -9.726116045643982)","('Brentwood High School', -11.20714058089752)","('Cape Central High School', 8.121393786600736)","('Parkway Central High School', -6.388456852196856)","('Marquette High School', -13.862352427160939)","('Clayton High School', -9.699046344873294)","('Hickman High School', -10.535653752852738)","('Rock Bridge High School', -16.367574652342356)","('Diamond High School', 0.5)","('Eureka High School', -5.063166220253197)","('Rockwood Summit High School', -5.656854249492381)","('Hazelwood Central High School', -5.419655585613044)","('Fredericktown High School', 7.2578557844748675)","('Hazelwood West High School', -12.393681185722558)","('Windsor C-1 High School', -4.969783697506362)","('Fort Osage High School', -4.800568148193976)","('Capital City High School', -7.14779686336986)","('Joplin High School', -10.469658542665085)","('Notre Dame de Sion', -6.3949012427684835)","('Winnetonka High School', -12.413207775298345)","('Staley High School', -14.063352898112246)","(""St. Teresa's Academy"", -6.970677501332722)","('Rockhurst High School', -5.709640969448079)","('John Burroughs School', -8.270328490050037)","(""Lee''s Summit High School"", -4.6097722286464435)","('Parkway South High School', -10.244732571157993)","('Marshfield High School', 1.6)","('Pattonville High School', -7.617230147629203)","('Nixa High School', -8.856219937363083)","('North Kansas City High School', -3.437618684819802)","('Fort Zumwalt West High School', -12.576343338375661)","('St. Dominic High School', -9.085152722987106)","('School of the Osage', -6.204272721278458)","('Pacific High School', 5.918276776224647)","('Raymore Peculiar High School', -4.079431909700462)","('Platte County High School', 3.0492622058458663)","('Potosi High School', -6.231639698613306)","('Rolla High School', -4.3659568192285665)","('St. Charles High School', -6.187545093630776)","('Francis Howell Central High School', -5.188388478130758)","('Francis Howell North High School', -12.58471294865322)","('St. Charles West High School', -10.59035949747289)","('Westminster Christian Academy', 6.806018798966977)","('Lindbergh High School', -4.521061822182927)","('Ritenour High School', -1.3450245012976183)","('Oakville High School', -7.951147133636803)","('Chaminade College Preparatory School', -8.170067319184096)","('Mehlville High School', -6.41553820304911)","('Francis Howell High School', -6.615847976219259)","('Hancock High School', -7.9881978160174585)","('Ladue Horton Watkins High School', -10.429165834332101)","('Grand Center Arts Academy', -12.802587629069366)","('De Smet Jesuit High School', -8.980905670736481)","('Parkway North High School', -12.660094786375021)","('St. Louis Priory School', 10.231530214308894)","('Hazelwood East High School', 0.0)","('University City High School', -11.871151689041904)","('Warsaw High School', -9.28529303073773)","('Washington High School', -8.692118077124048)","('Wentzville Holt High School', -10.033444074693394)","('Wentzville Timberland High School', -2.561615701076178)","('Wentzville Liberty High School', -5.429395300890637)","('North Point High School', -8.454847393326768)","('Lafayette Senior High School', -14.317170238436214)"
New Hampshire,"('Portsmouth High School', -8.231079313593488)"
New Jersey,"('Winslow Township High School', 0.0)","('Ridge High School', -9.866204944151526)","('Bernards High School', -2.1724793823340804)","('Colonia High School', -9.447253569159663)","('Cranford High School', -7.3966208500909385)","('Cresskill High School', -8.510581648747634)","('Northern Valley Regional High School', -7.325608879441044)","('Henry P. Becton Regional High School', -13.31878372825387)","('Emerson Junior - Senior High School', -8.154487517107784)","('Dwight Morrow High School/Academies', -13.221769366661377)","('Ramapo High School', 3.0603921317373697)","('Delaware Valley Regional High School', 4.784233364802441)","('Glen Ridge High School', -7.238658841123942)","('Glen Rock High School', 9.372299611087985)","('Manchester Regional High School', -0.7728734264634383)","('Hammonton High School', -0.848528137423857)","('Hawthorne High School', -6.092261663283435)","('Pascack Valley High School', 2.2389410762360726)","(""Saint Peter's Prep"", 3.5602808877952308)","('University Academy Charter High School', -7.166434104753757)","('Infinity Institute', -9.99512381113911)","('Kearny High School', -3.5355339059327378)","('Kinnelon High School', -10.816048102321112)","('Manville High School', -13.771215038491109)","('Marlboro High School', 2.198449867106779)","('Cherokee High School', -12.702102355725179)","('Atlantic County Institute of Technology', -9.028238527480923)","('Pascack Hills High School', -10.433849595969091)","('Delbarton School', -4.233969768432457)","('Morristown-Beard School', -1.8313409086812666)","('New Providence High School', -11.12282282066922)","(""St. Benedict's Preparatory School"", -9.546901766192702)","('North Arlington High School', -7.7579840029142675)","('West Essex Regional High School', -6.3335087694999945)","('River Dell Regional High School', -9.628825770273638)","('Park Ridge High School', -2.065591117977289)","('Passaic Academy for Science and Engineering', -11.176314240392493)","('Passaic High School', -5.2345009313209605)","('Hopewell Valley Central High School', -12.337544326161508)","('Point Pleasant High School', 6.478054120272938)","('Princeton Day School', -11.070132692874003)","('Stuart Country Day School', -20.43077743666811)","('The Hun School of Princeton', -7.0710678118654755)","('Washington Township High School', -12.89147004805891)","('Roxbury High School', -6.597188396342954)","('Oratory Prep', -9.45621488757526)","('Tenafly High School', -2.1877944246305336)","('Lakeland Regional High School', -8.748237917813316)","('Warren Hills Regional High School', -6.9807617408674405)","('Westfield High School', -9.59127207413073)","('Whippany Park High School', -6.620586240066824)","('Gateway Regional High School', -8.260771442643007)"
New York,"('The Albany Academies', -20.414455662593603)","('Amityville Memorial High School', -9.952201554906013)","('Bay Shore High School', -8.420670537890215)","('WC Mepham High School', -7.52251522392063)","('Bethpage High School', -0.5)","('Seton Catholic Central', -2.92261298612503)","('Brewster High School', -13.271209439986997)","('The Bronx High School of Science', -10.819814825455325)","('Bronx River High School', -7.052248614896939)","('The Laboratory School of Finance and Technology', -12.796483892069727)","('Eagle Academy', -3.0417922348510262)","('Poly Prep Country Day School', -8.37750957425097)","('BASIS Independent Brooklyn', -8.624888966092222)","('Brooklyn Technical High School', -9.319443862071658)","('Williamsburg Preparatory School', -19.091883092036785)","('Fort Hamilton High School', -13.061393493804555)","('Leaders High School', -14.432832939747714)","('The High School of Telecommunication Arts & Technology', -6.364833942147361)","('A-Tech High School', -6.472699076377129)","('Academy for Young Writers', -6.050619802962338)","('Millennium Brooklyn High School', -14.165274441393644)","('Carle Place High School', -4.361088271187699)","('Central Islip High School', -6.114295984380817)","('Horace Greeley High School', -11.73095125688042)","('Commack High School', -4.247127881062123)","('The Masters School', -5.667913028199895)","('East Rockaway High School', 3.2128773156099952)","('Floral Park Memorial High School', -12.894895630959306)","('Queens School of Inquiry', -11.72156132944754)","('Great Neck North High School', -7.699553558486363)","('The Village School', -12.589983098424105)","('Great Neck South High School', -11.151698093580654)","('Hampton Bays High School', -11.233022276915692)","('Hastings High School', -11.602722556870319)","('Hauppauge High School', 0.5725881092523115)","('East Islip High School', 0.0)","('Shaker High School', -12.484345753338014)","('Island Trees High School', -10.63014581273465)","('Lindenhurst High School', 0.0)","('Friends Academy', -7.888848367881624)","('Manhasset High School', -12.7560853825033)","('NYC Museum School', -12.107342480308546)","('Massapequa High School', -4.943954179280919)","('Patchogue-Medford High School', -15.354918736735948)","('Hendrick Hudson', -10.260146493135764)","('Nanuet High School', -4.841888979405547)","('New Hyde Park Memorial High School', -6.918857437127472)","('Ramaz Upper School', 8.366429516654215)","('NYC iSchool', -6.787685803823611)","('United Nations International School', -15.172730114598188)","('Millennium High School', -17.98926763378654)","('Baruch College Campus High School', -8.075182439336675)","('Friends Seminary', -12.504669715985399)","('Pace High School', -6.850985330592965)","('Liberty High School Academy for Newcomers', -10.174656572269964)","('Leadership and Public Service High School', -10.489518578085459)","('The College Academy', -8.36090676330994)","('The Urban Assembly Bronx Academy of Letters', -3.9157800414902435)","('Heschel School', 13.234879562619263)","('High School for Mathematics, Science and Engineering', -6.956600154837542)","('Northport High School', -6.203720967786499)","('Westbury High School', 4.900291536516694)","('Peekskill High School', -11.947803145348521)","('Paul D. Schreiber High School', -5.172139367904315)","('The Judith S. Kaye School', -7.214106551287784)","('McQuaid Jesuit', 7.419793348425099)","('Scarsdale High School', -8.018266183695363)","('Schenectady High School', -13.959017396173222)","('Ward Melville High School', -12.440584718900801)","('Shoreham-Wading River High School', -13.085137019183668)","('Curtis High School', -8.540645852565682)","('Port Richmond High School', -0.7071067811865476)","('Hackley School', -6.889627689285518)","('Hebrew Academy Of Nassau County High School', -4.96655480858378)","('Wantagh High School', -10.411716772648312)","('Weedsport CSD', -7.872556310191936)","('Westhampton Beach High School', -6.915326393629933)"
North Carolina,"('West Johnston High School', -15.354152532784088)","('Green Level High School', -14.15110759459648)","('Green Hope High School', -2.9737019396379405)","('Charlotte Latin School', -14.42507286888795)","('West Forsyth High School', -9.58493283753204)","('Community School of Davidson', 3.9409870984748)","('Hillside High School', -9.337945289099858)","('Fuquay-Varina High School', 5.668281200214566)","('Page High School', -8.350919538760815)","('Hayesville High School', 10.535653752852738)","('Carmel Christian School', 5.554502678008176)","('Weddington High School', -4.474371464239419)","('Sun Valley High School', -12.825193230331807)","('Athens Drive High School', -13.930813363749074)","('Wakefield High School', -6.5596303249497225)","('Millbrook High School', -5.958883945198164)","('Enloe Magnet High School', -9.983810424293686)","('Cardinal Gibbons High School', 0.5656854249492381)","('Broughton High School', -4.1559896535001135)","('West Brunswick High School', -8.407564621050668)","('Wake Forest-Rolesville High', -6.036267202429863)"
Ohio,"('Archbishop Hoban High School', -4.326661530556787)","('Beachwood High School', -11.185753750039456)","('Beavercreek High School', -4.850566977168752)","('Brecksville-Broadview Heights High School', -6.113782244513893)","('GlenOak High School', -7.238291037451944)","('Notre Dame - Cathedral Latin', 4.2710821646443256)","('Elder High School', 2.8096694510640257)","('Cincinnati Country Day School', -12.935738607954837)","('Sycamore High School', -14.088657770624488)","('Mariemont High School', -10.229320603050818)","('Walnut Hills High School', -11.021932679888767)","('Oyler Community Learning Center', -7.79222368775435)","('Aiken New Tech High School', -12.93074501591717)","('The Seven Hills School', -6.38793505647281)","('Northmont High School', -7.751963698087768)","('Mayfield High School', -7.195509512387371)","('Worthington Kilbourne High School', -3.8328840316398827)","('Lakeview High School', -1.611831256676703)","('Walsh Jesuit High School', -6.280105271587589)","('Rutherford B. Hayes High School', -4.835395809194832)","('Olentangy Berlin High School', -7.2540270947184275)","('Dover High School', -6.699429299662508)","('Woodmore High School', -4.949747468305833)","('Findlay High School', 2.448264691572379)","('Granville High School', -11.788071118281191)","('Green High School', -8.129615314471549)","('Ross High School', 5.412910492516942)","('William Henry Harrison High School', -4.720481032317637)","('Hudson High School', -10.490730034972145)","('Kings High School', -11.176745629079283)","('St. Edward High School', -7.3534005738841675)","('Lancaster High School', -11.070794912742265)","('Lowellville High School', -1.8708286933869707)","('Mentor High School', -5.5677643628300215)","('Oakwood High School', -11.857313454275431)","('Jonathan Alder High School', -7.291806002809503)","('Poland Seminary High School', 3.251626811778517)","('Olentangy Liberty High School', -4.242444264022019)","('Revere High School', -4.866957234995263)","('Shaker Heights High School', -15.932175323110018)","('Solon High School', -8.0286252577519)","('Streetsboro High School', -8.5289213854977)","('Strongsville High School', -14.364307617610164)","('Struthers High School', -10.313340874808706)","('Sylvania Northview', -10.76758252038652)","('Tallmadge High School', -6.773913867987184)","('Theodore Roosevelt High School', -6.680493993710345)","('Whitmer High School', -7.040698017343775)","('Edgewood High School', -6.79879190949182)","('Lake Local Schools', 2.6356529867694394)","('Wadsworth High School', -1.3541602563950859)","('Westerville South High School', -11.2809574061779)","('Westerville North High School', -12.287366479437326)","('Westlake High School - OH', -13.78135386258238)","('Thomas Worthington High School', -12.536868704867134)"
Oregon,"('West Albany High School', -6.9622075043288785)","('Ashland High School', -14.766732505496567)","('Mountainside High School', -14.423288459987203)","('Beaverton High School', -13.362200757768502)","('Summit High School', -6.116853556845826)","('Days Creek Charter School', -1.5783694117664597)","('Forest Grove High School', -12.153437641738568)","('Gresham High School', -9.294707682820956)","('Sam Barlow High School', -7.242679062335981)","('Lake Oswego High School', -7.52522424915032)","('Oregon State University', -13.087143818776248)","('Schellenberg Center North Clackamas', -14.711531758000818)","('La Salle Catholic College Preparatory', -11.807830331727212)","('Oregon City High School', -15.361613413527456)","('Cleveland High School', -13.237619318343889)","('McDaniel High School', -11.249948148028654)","('Ida B. Wells-Barnett High School', -10.868532559642079)","('Roseburg High School', -12.888754788574419)","('West Salem High School', -6.027713773341708)","('Tigard High School', -12.650884229763221)","('Tualatin High School', -9.63518418057218)","('West Linn High School', -11.31024042456828)","('Wilsonville High School', -8.521511241919114)","('Yamhill Carlton High School', -11.648855451645597)"
Pennsylvania,"('Parkland High School', -7.421084826357936)","('Salisbury High School', -8.903089351455483)","('Altoona Area High School', -6.932964733791742)","('Lower Merion High School', -10.076884439150824)","('Bellefonte Area High School', -2.6345988520287316)","('Bellwood-Antis High School', 12.147953645687728)","('Conestoga High School', -11.413707866978516)","('MOHAWK HIGH SCHOOL - PA', -7.472707918577016)","('Bethel Park High School', -5.227969650511245)","('Boyertown Area Senior High', -3.940714499837658)","('The Agnes Irwin School', -10.646350670943336)","('Baldwin School', -5.826310791220928)","('Carlisle Area High School', -10.553435459602717)","('Clearfield Area Junior Senior High School', 1.390225619360855)","('Corry Middle High School', -7.885464828122408)","('Dallastown Area High School', -3.563204817496262)","('Derry Area High School', -4.760952285695233)","('Emmaus High School', -13.605391088339454)","('Cathedral Preparatory School', -7.0178344238091)","('Downingtown East High School', 0.0)","('Kennard-Dale High School', -12.275615697012542)","('Mount Saint Joseph Academy', -6.403347338920258)","('Freedom Area High School', -4.800967164466521)","('Susquehannock High School', 1.6129682782580281)","('Hempfield Area High School', -6.141195788629908)","('Hamburg Area High School', -11.206359801469878)","('Seneca Valley Senior High School', -3.2496922931256123)","('Saucon Valley High School', -12.023102760934883)","('Hershey High School', -14.969263380468865)","('Lower Dauphin High School', -8.345957105089864)","('Jefferson-Morgan School District', -5.525535128975154)","('Abington Friends School', -9.77465667138638)","('Manheim Township High School', -15.737885324361677)","('Hempfield High School', -6.4142698058981855)","('Neshaminy High School', -16.338573989182777)","('North Penn High School', -3.6974282426784293)","('Greater Latrobe Senior High School', -7.384182679630417)","('Malvern Preparatory School', 4.604210029961709)","('Marion Center Area High School', -3.40802221011181)","('Meadville Area Senior High School', -8.050789861330648)","('James Buchanan High School', -4.020572098594925)","('Merion Mercy Academy', -11.16243700990066)","('Lincoln Park Performing Arts Charter School', -11.180339887498949)","('Delaware Valley High School', -8.29885964627499)","('Milton High School', -4.377295316255722)","('West Branch Area High School', -3.6207733980463344)","('Greater Nanticoke Area High School', -12.397793921405817)","('New Castle Senior High School', -4.69041575982343)","('Big Spring High School', -3.4783822183800988)","('Methacton High School', -27.613402542968153)","('Norristown Area High School', -12.034341105920944)","('Pennridge High School', -6.650070488348225)","('Friends Select School', -11.668837333080033)","('Franklin Learning Center', -10.597155556202473)","('Springside Chestnut Hill Academy', -8.828764541731381)","('Pine Grove High School', 7.591818904960411)","('Upper St. Clair High School', 5.65216281121169)","('North Hills High School', -12.00808061265413)","('Winchester Thurston School', -2.1166010488516727)","('North Allegheny Intermediate High School', -8.213016276839852)","('Allderdice High School', -16.633434292521684)","('Shaler Area High School', -10.414028999383474)","('Wyoming Valley West High School', 3.7535168694024663)","('The Hill School', -9.375499986667378)","('Pottsgrove High School', -7.258868814807734)","('Pottsville Area High School', -10.024004522478362)","('Quakertown High School', -8.94105972576002)","('Harriton High School', -10.393276869285867)","('Spring-Ford High School', -10.932594459762129)","('Knoch High School', -11.398903456034708)","('Slippery Rock Area High School', 3.1442588373675022)","('Souderton Area High School', -7.009018000642696)","('Spring Grove High School', 7.562241731127087)","('State College Area High School', -9.950577872666491)","('Stroudsburg High School', -8.408958808038847)","('Tyrone Area High School', -5.792461367644343)","('Trinity High School', 2.5875441282004474)","('Radnor High School', -14.080810728407323)","('Westtown School', -9.252412812728519)","('Wilson High School', -10.571589284492658)","('Central York High School', -7.413079656930715)"
Rhode Island,"('Juanita Sanchez Educational Complex', -7.428913110273938)","('Toll Gate High School', -4.11993278511266)"
South Carolina,"('Chapin High School', -10.0220867199512)","('James Island Charter High School', -12.553883861180172)","('Richland Northeast High School', -11.377627901573625)","('Hammond School', -5.53821947921893)","('Gaffney High School', -9.272072763591394)","('Christ Church Episcopal School', -9.538394400628205)","('Greer Middle College Charter High School', -1.9591278207870506)","('Chapman High School', -5.496992184542659)","('Buford High School', 8.409815693580924)","('Carolina Forest High School', 1.898732520705638)","('Academic Magnet High School', -10.139108202969092)","('Fort Dorchester High School', -3.464101615137755)","('Socastee High School', -12.382649151130787)","('Spartanburg High School', -7.217459673453744)","('Travelers Rest High School', 0.0)"
Tennessee,"('Arlington High School', 15.57776192739723)","('Collegedale Academy', -12.758937110530649)","(""St. George's Independent School"", -9.260604077423237)","('Collierville High School', -12.587341914422927)","('Chattanooga Central High School', -2.0816659994661326)","('Science Hill High School', -8.997395456464053)","('Coffee County Central High School', -5.505889103025488)","('White Station High School', -8.774141300181777)","('Hutchison School', -15.0)","(""St. Mary''s Episcopal School"", -10.409226676367462)","('Blackman High School', -12.632629707758133)","('Hillsboro High School', -8.509353142812378)","('Hillwood High School', -9.626352718795768)","('Dyer County School High School', 2.979932885150268)"
Vermont,"('Burlington High School', -9.960909310184201)","('Essex High School', -13.3393215719541)","('Lake Region Union High School', -12.138609200947748)","('Rice Memorial High School', -10.226436329435586)","('Bellows Free Academy', -7.5517524798712365)","('Blue Mountain Union School', -9.85955218206026)"
Virginia,"('John Champe High School', -7.266704892865817)","('Lightridge High School', -11.327596587292666)","('West Potomac High School', -12.273943437216907)","('Thomas Jefferson H.S. for Science and Technology', -6.4005937224604414)","('Hayfield Secondary School', -7.263952092353033)","(""St. Stephen''s and St. Agnes School"", -10.226725237871067)","('Alexandria City High School', -8.986184682695718)","('Annandale High School', -8.215661675981645)","('Washington-Lee High School', -12.76130871031651)","('Arlington Career Center', -16.58068427143738)","('Stone Bridge High School', -6.086558179808231)","('Broad Run High School', -17.272328544042153)","('Briar Woods High School', -6.5578197596457315)","('Lake Braddock Secondary School', 4.525412118106999)","('Mountain View Alternative High School', -14.665737150032594)","('Chantilly High School', -6.660376284032154)","('Albemarle High School', -11.548801997878693)","('Charlottesville High School', -13.226499692573505)","('Chatham High School', 4.03732584763727)","('Centreville High School', -13.0)","('Western Albemarle High School', -11.238874128072913)","('Robinson Secondary School', -11.530917958493905)","('James Madison High School', -10.841311502199321)","('George Mason High School', -10.704249985026298)","('Falls Church High School', -7.47860010025001)","('Justice High School', -6.476910557539789)","('Riverbend High School', 1.9061022549830888)","('Gainesville High School', -12.331145237046837)","('Deep Run High School', -9.842112959116045)","('Bethel High School', -8.06898144368058)","('Harrisonburg High School', -15.639229005004296)","('Heritage High School - VA', -5.344108906075924)","('Loudoun County High School', -8.211847809381542)","('Rockbridge County High School', -4.362065915093334)","('Osbourn High School', -10.9)","('Langley High School', -11.697422258771374)","('McLean High School', -10.348702383663424)","('The Potomac School', -12.317831201848861)","('BASIS Independent McLean', -9.435185598213067)","('Clover Hill High School', -12.864055681293852)","('Manchester High School - VA', -8.67664324096793)","('Louisa County High School', -9.07919182184907)","('Menchville High School', -9.54233050300457)","('Kettle Run High School', -4.992298416387072)","('Patriot High School', -9.872887239253997)","('Granby High School', -11.335784048754634)","('Flint Hills School', -6.4031242374328485)","('Fluvanna County High School', -4.059325682918285)","('Powhatan High School', -5.756825658873705)","('Prince George High School', -11.051557495526279)","('Woodgrove High School', -9.3308720071488)","('Loudoun Valley High School', -10.979913478711934)","('South Lakes Sentinel', -7.60920495189872)","('Hidden Valley High School', -3.7948106982159358)","('Rock Ridge High School', -10.411077096813253)","('West Springfield High School', -7.519740687018403)","('Robert E. Lee High School', -11.392084971593215)","('Dominion High School', -8.136245132030183)","('Park View High School', -9.478308569219157)","('Oakton High School', -2.9723260625682077)","('Kempsville High School', -12.010719849548895)","('Cape Henry Collegiate School', -5.549153399238109)","('Frank W. Cox High School', -6.651503589414952)","('Ocean Lakes High School', -8.81477452916409)","('Salem High School', -6.821394913903504)","('Fauquier High School', 5.459728597983269)","('Warhill High School', -6.760575760642331)","('Woodbridge Senior High School', 4.3717393864636875)"
Washington,"('Prairie High School', -5.0700646500370725)","('Bellingham High School', -15.048920227046192)","('Bothell High School', -9.192001671934253)","('North Creek High School', 3.039517505570031)","('Columbia High School', -1.0398317171542713)","('Camas High School', -8.58358413873055)","('Union High School', -4.560701700396552)","('Eastmont High School', -10.293219630920655)","('Ephrata High School', -2.227105745132009)","('Gig Harbor High School', -1.705872210923198)","('Granite Falls High School', -7.100402403083524)","('Issaquah High School', -9.975931974006238)","('Inglemoor High School', -8.716730771845441)","('Tahoma High School', -8.876526757281098)","('Cavelero Mid High School', -12.789782507351948)","('Northwest Yeshiva High School', 8.951371896169292)","('Mercer Island High School', -10.769958217189147)","('Mountlake Terrace High School', -8.08029152389387)","('Capital High School', 2.406010991015813)","('Pasco High School', -6.45899889043702)","('Puyallup High School', -7.07064996369435)","('Renton High School', -9.706408965214685)","('Hazen High School', -12.045800278430075)","('Eastlake High School', 6.245078061962076)","('Garfield High School', -14.998496780023569)","('Bishop Blanchet High School', -13.629013170439013)","('University Prep', -13.524034161447537)","('Lakeside School', -10.614576334891128)","('West Seattle High School', -8.069076774947677)","('Sedro-Woolley High school', -12.007989764395129)","('Shorewood High School', -6.813561138245945)","('Shorecrest High School', -13.389912475351025)","('Central Kitsap High School', -8.324556161989518)","('Glacier Peak High School', -12.07752734075426)","('Snohomish High School', 0.0)","('Joel E Ferris High School', 0.0)","('Steilacoom High School', 4.571036534529121)","('Bellarmine Preparatory School', -4.07308237088326)","('Annie Wright Schools', -15.755309350414949)","('Lakes High School', -4.8651396006007195)","(""King''s Way Christian High School"", 4.2)","('Walla Walla High School', -19.704060495238032)","('Wenatchee High School', -8.904252595569956)"
West Virginia,"('Elkins High School', -6.113954103737506)","('Musselman High School', -4.123105625617661)","('Greenbrier East High School', -7.910419511132469)","('Parkersburg High School', -8.08349288011421)","('St. Marys High School', -10.13943415580968)","('Weir High School', -7.173234564521577)","('Lewis County High Schol', -3.044804317740852)","('Wheeling Park High School', -11.532454205415256)"
Wisconsin,"('Amherst High School', -1.1547005383792515)","('Appleton North High School', -12.345407685009471)","('Berlin High School', -5.277415192223472)","('Black River Falls High School', -3.2336769576855797)","('Brookfield Central High School', -5.231026320296655)","('Brookfield East High School', -10.161966126471567)","('Brookfield Academy', -14.326548781894402)","('Cedarburg High School', -13.919051691835907)","('De Pere High School', -6.788838879612134)","('Fond du Lac High School', -11.524061783937121)","('Notre Dame Academy', -3.2136168616269947)","('Bay Port High School', -12.06352629485536)","('Greendale High School', -11.0)","('Arrowhead High School', -5.60198377561219)","('Joseph A. Craig High School', -6.770069878062276)","('Madison East High School', -15.185519418182572)","('Vel Phillips Memorial', -9.47379325406089)","('Middleton High School', -12.03265294280963)","('Divine Savior Holy Angels High School', -6.898695528866309)","('Mineral Point High School', -1.7035257556021863)","('Muskegon Norway High School', -2.5495097567963922)","('Neenah High School', -6.464346662871491)","('New Berlin West', -8.466583932038994)","('Oshkosh North High School', -14.13473853077351)","('Washington Park High School', -6.4441704922614615)","('Sheboygan South High School', -13.225606476327151)","('St. Robert School', -1.4539601094940673)","('Stevens Point Area Senior High', -6.720805812492336)","('Point of Discovery School', -13.057564857200596)","('Stoughton High School', -12.740999840007728)","('Sevastopol High School', -6.977887150915318)","('Superior High School', -3.8140529624010204)","('Wauwatosa West High School', -8.711677986090471)","('Whitefish Bay High School', -9.599479152537391)"
Puerto Rico,"('Baldwin School of Puerto Rico', -8.601802136761808)"
